[
  {
    "name": "NGIJOL BALENG Roland",
    "title": "Ingénieur des Eaux et Forêts",
    "email": "rolandngijol@gmail.com",
    "phone": "+237 654 916 181",
    "specialties": "Aménagement forestier et faunique, Gestion durable des ressources naturelles, Écologie et conservation",
    "skills": "Montage, suivi et évaluation des projets, Normes environnementales, Evaluations environnementales, Ethnobotanique, Vulgarisation agricole",
    "location": "Ngaoundéré",
    "organization": "MINFOF",
    "entreprise": "",
    "experienceYears": 10,
    "projects": "Élaboration de plans de gestion pour forêts communautaires",
    "availability": "Disponible pour projets collaboratifs",
    "statutMembre": "Actif",
    "photo": "../assets/photos/NGIJOL BALENG Roland.jpg",
    "cvLink": "../assets/cv/roland-cv.pdf",
    "linkedin": ""
  },
  {
    "name": "ESSOLA ONJA'A FELIX MAGLOIRE",
    "title": "Ingénieur Halieute - Aquaculture",
    "email": "efelixmagloire@gmail.com",
    "phone": "+237 6 20 37 02 86",
    "specialties": "Aquaculture, TIC, Industries Animales, Production animale",
    "skills": "Biologie des espèces piscicoles, Leadership, Management des projets, Reproductions des espèces piscicoles, Suivi des élevages, Statistiques, Formulation d'aliments pour poisson",
    "location": "Ebolowa, Cameroun",
    "organization": "MINEPIA",
    "entreprise": "AFRICANUT Industry, Better World SARI Consulting",
    "experienceYears": 15,
    "projects": "Production de poisson de table, Provenderie MAGATON, Promotion de l'Entrepreneuriat Aquacole (PPEA)",
    "availability": "Disponible pour projets collaboratifs et facilitation administrative",
    "statutMembre": "Actif",
    "photo": "../assets/photos/ESSOLA ONJA'A FELIX MAGLOIRE.png",
    "cvLink": "../assets/cv/Essola-cv.pdf",
    "linkedin": "https://linkedin.com/in/alice-tchouamo"
  },
  {
    "name": "FONJI TANYA FOLEFAC",
    "title": "Ingénieur des Eaux et Forêts",
    "email": "fonji.t@gmail.com",
    "phone": "+237 693 790 520",
    "specialties": "Conservation, Développement durable du cacao, Gestion des ressources naturelles communautaire",
    "skills": "Engagement communautaire Baka, Processus FPIC, Certification Rainforest Alliance, Conformité EUDR, Développement de coopératives",
    "location": "Mintom, Dja et Lobo, Sud",
    "organization": "Rainforest Alliance",
    "entreprise": "",
    "experienceYears": 10,
    "projects": "Projet RIFOP (agroforesterie cacao), Certification coopératives cacao, Traçabilité bois et cacao",
    "availability": "Disponible pour consultation et gestion de projets",
    "statutMembre": "Actif",
    "photo": "../assets/photos/FONJI TANYA FOLEFAC.jpg",
    "cvLink": "../assets/cv/fonji-cv.docx",
    "linkedin": ""
  },
  {
    "name": "MOUYAKAN A MOUMBOCK Elvis",
    "title": "Ingénieur des Eaux et Forêts - Consultant International",
    "email": "mouyakanelvis@gmail.com",
    "phone": "+237 679 761 484",
    "specialties": "Sylviculture, Agriculture, Aménagement forestier, Certification forestière",
    "skills": "Production de semences, Élaboration de projets, Plans d'aménagement, Évaluations environnementales, Restauration paysagère",
    "location": "Yaoundé, Cameroun",
    "organization": "MINRESI",
    "entreprise": "Association des Experts pour le Développement Durable (ASEDD)",
    "experienceYears": 10,
    "projects": "Production de semences forestiers et agricoles, Plateforme de vente de semences, Plans de gestion forêts communautaires",
    "availability": "Consultant international disponible pour missions",
    "statutMembre": "Actif",
    "photo": "../assets/photos/MOUYAKAN A MOUMBOCK Elvis.jpg",
    "cvLink": "../assets/cv/elvis-cv.docx",
    "linkedin": ""
  },
  {
    "name": "EDONGO ABEGA DAVY FABRICE",
    "title": "Ingénieur Agronome (Productions Végétales)",
    "email": "davy_e@yahoo.fr",
    "phone": "+237 696 322 069",
    "specialties": "Pépinière, Productions végétales, Cacaoculture, Suivi-évaluation",
    "skills": "Production de plants performants, Planification de projets, Gestion de pépinières, Formation producteurs",
    "location": "Yaoundé, Cameroun",
    "organization": "MINADER",
    "entreprise": "SCOOPS I-AGRI",
    "experienceYears": 11,
    "projects": "Pépiniériste, Réhabilitation vergers cacaoyers, Projet PAD-CACAO",
    "availability": "Disponible pour projets cacaoyers et formations",
    "statutMembre": "Actif",
    "photo": "../assets/photos/EDONGO ABEGA DAVY FABRICE.jpeg",
    "cvLink": "../assets/cv/davy-cv.docx",
    "linkedin": ""
  },
  {
    "name": "NDOUNTSA PATRICK LE SAGE",
    "title": "Ingénieur des Eaux et Forêts",
    "email": "pndountsa@gmail.com",
    "phone": "+237 679 116 519",
    "specialties": "Foresterie sociale, Aménagement forestier, Cartographie et SIG",
    "skills": "Inventaire forestier et faunique, Agroforesterie, QGIS, Montage de projets",
    "location": "Yaoundé, Cameroun",
    "organization": "MINFOF",
    "entreprise": "",
    "experienceYears": 9,
    "projects": "Gestion des Hautes Valeurs de Conservation, Plans d'aménagement, Inventaires multi-ressources",
    "availability": "Consultant disponible pour missions",
    "statutMembre": "Actif",
    "photo": "../assets/photos/NDOUNTSA PATRICK LE SAGE.jpg",
    "cvLink": "../assets/cv/patrick-cv.pdf",
    "linkedin": ""
  },
  {
    "name": "WANKAKI WOWE ABEL AIMÉ",
    "title": "Ingénieur des Eaux et Forêts",
    "email": "wawa.aime@gmail.com",
    "phone": "+237 670 540 253",
    "specialties": "Aménagement forestier et faunique, Gestion durable des ressources naturelles, Écologie et conservation",
    "skills": "Montage, suivi et évaluation des projets, Normes environnementales, Evaluations environnementales, Ethnobotanique, Ethnozoologie",
    "location": "Ngaoundere",
    "organization": "MINEPDED",
    "entreprise": "",
    "experienceYears": 9,
    "projects": "Études d'impact environnemental, Plans de gestion environnementale et sociale",
    "availability": "Disponible pour projets environnementaux",
    "statutMembre": "Actif",
    "photo": "../assets/photos/Wankaki wowe Abel aimé.jpg",
    "cvLink": "../assets/cv/abel-cv.pdf",
    "linkedin": ""
  },
  {
    "name": "JAQUES KUENBOU KEUMO",
    "title": "Doctor Forests and Nature Management",
    "email": "jkuenbou@yahoo.com",
    "phone": "+237 695 633 156",
    "specialties": "Écologie tropicale, Interactions plantes-animaux-humains, Biomonitoring",
    "skills": "Inventaires écologiques, SIG/R, Camera traps, Analyse données biodiversité, Publications scientifiques",
    "location": "Yaoundé",
    "organization": "Freelance",
    "entreprise": "",
    "experienceYears": 10,
    "projects": "Recherche sur la faune du Bassin du Congo, Évaluation d'impacts de projets, Monitoring biodiversité",
    "availability": "Chercheur disponible pour collaborations scientifiques",
    "statutMembre": "Actif",
    "photo": "../assets/photos/Jaques Kuenbou Keumo.png",
    "cvLink": "../assets/cv/jaques-cv.pdf",
    "linkedin": ""
  },
  {
    "name": "NGAPOUT Adamou",
    "title": "Ingénieur des Eaux et Forêts",
    "email": "adamoungapout@gmail.com",
    "phone": "+237 699 884 196",
    "specialties": "Exploitation forestière, Aménagement forestier",
    "skills": "Exploitation forestière à faible impact, Planification exploitation, Formation personnel, Cartographie",
    "location": "Abongmbang, Cameroun",
    "organization": "COFA",
    "entreprise": "",
    "experienceYears": 10,
    "projects": "Aménagement UFA Lomlé et FC Doumainang, Gestion sites forestiers",
    "availability": "Disponible pour projets forestiers",
    "statutMembre": "Actif",
    "photo": "../assets/photos/NGAPOUT Adamou.jpg",
    "cvLink": "../assets/cv/adamou-cv.pdf",
    "linkedin": "linkedin.com/adamou ngapout"
  },
  {
    "name": "BINDOP FRANCK GAEL",
    "title": "Ingénieur Agronome",
    "email": "franckbindop@yahoo.fr",
    "phone": "+237 697 276 402",
    "specialties": "Gestion de programmes, Suivi-évaluation, Développement rural",
    "skills": "Conception cadres logiques, SIG/télédétection, Gestion budgétaire, Vulgarisation agricole",
    "location": "Yaoundé, Cameroun",
    "organization": "MINADER",
    "entreprise": "",
    "experienceYears": 11,
    "projects": "PIEFARES, Programme Pionnier racines et tubercules, Formations agricoles",
    "availability": "Disponible pour gestion de projets développement",
    "statutMembre": "Actif",
    "photo": "../assets/photos/BINDOP FRANCK GAEL.jpg",
    "cvLink": "../assets/cv/franck-cv.pdf",
    "linkedin": ""
  },
  {
    "name": "ABANGAWOH epse BEDJEME HILLDA",
    "title": "Ingénieur Agronome",
    "email": "hildabedjeme@gmail.com",
    "phone": "+237 679 769 358",
    "specialties": "Agroforesterie, Productions végétales, Agrométéorologie",
    "skills": "Pépinière, Plantation, Entretien, Élaboration calendriers agricoles, Traduction Français-Anglais",
    "location": "Nkongoa - Mfou",
    "organization": "MINADER",
    "entreprise": "",
    "experienceYears": 10,
    "projects": "Agroforestry cocoa, Production champignons comestibles, Analyses prospectives",
    "availability": "Disponible pour projets agroforestiers",
    "statutMembre": "Actif",
    "photo": "../assets/photos/ABANGAWOH epse BEDJEME HILLDA.jpg",
    "cvLink": "../assets/cv/hilda-cv.pdf",
    "linkedin": ""
  },
  {
    "name": "NLEND NKOTT ANNY LUCRECE",
    "title": "Ingénieur Agro-économiste",
    "email": "lucrecenlend@gmail.com",
    "phone": "+229 01 57 07 35 48",
    "specialties": "Économie agricole, Innovation scaling, Systèmes alimentaires durables",
    "skills": "Analyse chaînes de valeur, Développement secteur privé, Transformation digitale, Finance climatique",
    "location": "Cotonou, Bénin",
    "organization": "IFC/World Bank Group",
    "entreprise": "",
    "experienceYears": 8,
    "projects": "Centre de finance durable Afrique, Accélération solutions agro-industrielles",
    "availability": "Consultante disponible pour projets développement",
    "statutMembre": "Actif",
    "photo": "../assets/photos/NLEND NKOTT ANNY LUCRECE.jpg",
    "cvLink": "../assets/cv/lucrece-cv.pdf",
    "linkedin": ""
  },
  {
    "name": "NKONO Julien",
    "title": "Ingénieur des Eaux et Forêts",
    "email": "julioati2024@gmail.com",
    "phone": "+237 699 788 813",
    "specialties": "Gestion aires protégées, Biomonitoring, Lutte anti-braconnage",
    "skills": "Management paysage, SMART/Cybertracker, SIG, Formation écogardes, Plans de gestion",
    "location": "Kinshasa, RDC",
    "organization": "African Wildlife Foundation",
    "entreprise": "",
    "experienceYears": 12,
    "projects": "Gestion paysages transfrontaliers, Inventaires fauniques, Renforcement capacités gestionnaires",
    "availability": "Manager paysage disponible pour missions",
    "statutMembre": "Actif",
    "photo": "../assets/photos/NKONO Julien.jpeg",
    "cvLink": "../assets/cv/julien-cv.pdf",
    "linkedin": ""
  },
  {
    "name": "KENFACK ESSOUGONG Urcil Papito",
    "title": "Agro-économiste | Chercheur en Développement Durable",
    "email": "urcilessougong@gmail.com",
    "phone": "+225 07 19 59 93 05",
    "specialties": "Économie agricole, Recherche développement durable, Gestion ressources naturelles",
    "skills": "Recherche qualitative/quantitative, Analyse données, Publications scientifiques, Gestion projets",
    "location": "Abidjan, Côte d'Ivoire",
    "organization": "Institut International d'Agriculture Tropicale (IITA)",
    "entreprise": "",
    "experienceYears": 8,
    "projects": "Intensification durable cacao, Scaling innovations agricoles, Recherche adoption technologies",
    "availability": "Chercheur disponible pour collaborations",
    "statutMembre": "Actif",
    "photo": "../assets/photos/KENFACK ESSOUGONG Urcil Papito.jpg",
    "cvLink": "../assets/cv/urcil-cv.pdf",
    "linkedin": ""
  },
  {
    "name": "YENE OWONA JOSEPH LIONEL",
    "title": "Ingénieur des Eaux et Forêts",
    "email": "yenelionel71@gmail.com",
    "phone": "+237 694 041 010",
    "specialties": "Contrôle forestier, Gestion bois, Écotourisme",
    "skills": "Inventaire forestier et faunique, Aménagement forestier, Lutte anti-braconnage, Navigation GPS",
    "location": "Kribi, Cameroun",
    "organization": "MINFOF",
    "entreprise": "",
    "experienceYears": 9,
    "projects": "Contrôle forestier portuaire, Gestion marché bois, Développement écotourisme",
    "availability": "Disponible pour missions contrôle et gestion",
    "statutMembre": "Actif",
    "photo": "../assets/photos/YENE OWONA JOSEPH LIONEL.jpeg",
    "cvLink": "../assets/cv/lionel-cv.docx",
    "linkedin": ""
  },
  {
    "name": "GNINTEDEM TSANE William",
    "title": "Ingénieur des Eaux et Forêts",
    "email": "gnintedemwilliam@yahoo.fr",
    "phone": "+237 694 048 752",
    "specialties": "Élevage, Transformation agroalimentaire, Entrepreneuriat agricole",
    "skills": "Production animale, Transformation de produits, Gestion fermes, Commercialisation",
    "location": "Dschang",
    "organization": "Autres",
    "entreprise": "Ferme de poulet de chair",
    "experienceYears": 5,
    "projects": "Création d'une poissonnerie, Transformation produits animaux, Ferme poulet de chair",
    "availability": "Entrepreneur disponible pour partenariats",
    "statutMembre": "Actif",
    "photo": "../assets/photos/Gnintedem tsane William.jpg",
    "cvLink": "../assets/cv/william-cv.pdf",
    "linkedin": ""
  },
  {
    "name": "IMBEY MOÏSE OLIVIER",
    "title": "Ingénieur des Eaux et Forêts",
    "email": "imbeymoiseolivier@yahoo.fr",
    "phone": "+237 674 556 970",
    "specialties": "Faune aquatique et terrestre, Gestion ressources naturelles",
    "skills": "Inventaires fauniques, CyberTracker, GPS, Biostatistique, Formation",
    "location": "Garoua, Cameroun",
    "organization": "MINFOF",
    "entreprise": "",
    "experienceYears": 8,
    "projects": "Gestion aires protégées, Inventaires TRIDOM, Enseignement forestier",
    "availability": "Disponible pour missions expertise faune",
    "statutMembre": "Actif",
    "photo": "../assets/photos/IMBEY MOÏSE OLIVIER.jpeg",
    "cvLink": "../assets/cv/moise-cv.pdf",
    "linkedin": ""
  },
  {
    "name": "KOBLA Anne Stéphanie",
    "title": "Ingénieur des Eaux et Forêts",
    "email": "annestphanie.kobla@yahoo.fr",
    "phone": "+237 697 675 558",
    "specialties": "Foresterie, Agroforesterie, Biomonitoring, Gestion aires protégées",
    "skills": "Formatrice SMART, SIG, Camera traps, Engagement communautaire, Gouvernance forestière",
    "location": "Yaoundé",
    "organization": "ZSL",
    "entreprise": "",
    "experienceYears": 8,
    "projects": "Opération Pangolin, Gestion paysages TRIDOM, Recherche conflits ressources",
    "availability": "Manager paysage disponible pour missions",
    "statutMembre": "Actif",
    "photo": "../assets/photos/Kobla Anne Stéphanie.jpg",
    "cvLink": "../assets/cv/stephanie-cv.docx",
    "linkedin": ""
  },
  {
    "name": "MBAMBA AUGUSTIN GUERIN",
    "title": "Ingénieur des Eaux et Forêts",
    "email": "augustinmbamba@yahoo.fr",
    "phone": "+237 6 97 16 15 30",
    "specialties": "Gestion des ressources naturelles, Environnement, Botanique",
    "skills": "Conception d'études environnementales, Gestion des ressources naturelles, Recherche",
    "location": "Njombé, Cameroun",
    "organization": "AFRICANUT Ingénieurs",
    "entreprise": "HydroPlan Consulting, IRAD",
    "experienceYears": 10,
    "projects": "Étude de faisabilité d'un barrage régional (2022), Recherche développement agricole",
    "availability": "Disponible pour projets collaboratifs",
    "statutMembre": "Actif",
    "photo": "../assets/photos/MBAMBA.png",
    "cvLink": "../assets/cv/joseph-cv.pdf",
    "linkedin": "https://linkedin.com/in/joseph-nlend"
  },
  {
    "name": "AKAGOU SOKENG LOIC PAQUIT",
    "title": "Ingénieur des Eaux et Forêts",
    "email": "akagou2@gmail.com",
    "phone": "+237 698 364 522",
    "specialties": "Gestion des ressources naturelles, Bois-énergie, Sylviculture, Inventaire/Aménagement Forestier, Protection de l'environnement",
    "skills": "Cartographie et SIG (ArcGIS, QGIS), Analyse de données d'inventaire forestier, Gestion de bases de données, Approche participative, Planification stratégique",
    "location": "Limbé, SW-Cameroun",
    "organization": "MINFOF",
    "entreprise": "Ministère des Forêts et de la Faune",
    "experienceYears": 10,
    "projects": "Reboisement 1400 hectares, Gestion durable des forêts communales, Valorisation énergétique des rebuts de scierie",
    "availability": "Disponible pour missions",
    "statutMembre": "Actif",
    "photo": "../assets/photos/AKAGOU SOKENG LOIC PAQUIT.jpg",
    "cvLink": "../assets/cv/loic-cv.pdf",
    "linkedin": ""
},
{
    "name": "SANDRINE JOSEPHINE MAHBOU TEGUIA",
    "title": "Ingénieur Agronome - Économie et Sociologie Rurales",
    "email": "sjtegy@gmail.com",
    "phone": "327 696 106 513",
    "specialties": "Économie et Sociologie Rurales, Design d'intérieur, Logistique et Supply Chain, Gestion de projets, Commerce international",
    "skills": "AutoCAD 2D/3D, 3DS Max, Gestion de stock, Planification logistique, Supply Chain Management, Négociation client, Gestion de budget",
    "location": "Bressana Bottarone, Italie",
    "organization": "Privé",
    "entreprise": "KJ Servizi Trasporto e Logistica",
    "experienceYears": 11,
    "projects": "Projets de design d'intérieur, Gestion de chaîne logistique, Optimisation des espaces de stockage",
    "availability": "Disponible pour missions",
    "statutMembre": "Actif",
    "photo": "../assets/photos/SANDRINE JOSEPHINE MAHBOU TEGUIA.jpg",
    "cvLink": "../assets/cv/sandrine-cv.pdf",
    "linkedin": ""
},
{
    "name": "Pauline Francine BIDJOGO TA",
    "title": "Ingénieur Agronome",
    "email": "bidjogop@gmail.com",
    "phone": "+237 675 720 165",
    "specialties": "Economie et Sociologie Rurales, Aménagement du Territoire, Chaînes de valeur agricoles, Marchés Publics, Genre et développement",
    "skills": "Planification stratégique, Prospective, Coordination de projets, Passation de marchés publics, Consultation genre et développement, Gestion de projets agropastoraux",
    "location": "Yaoundé",
    "organization": "MINEPAT",
    "entreprise": "MINEPAT",
    "experienceYears": 8,
    "projects": "Plan Intégré d'Import-Substitution Agropastoral et Halieutique (PIISAH), Chaînes de valeur riz, cacao, palmier à huile, hévéa, Economie bleue",
    "availability": "Disponible pour missions",
    "statutMembre": "Actif",
    "photo": "../assets/photos/Pauline Francine BIDJOGO TA.jpg",
    "cvLink": "../assets/cv/pauline-francine-cv.pdf",
    "linkedin": ""
},
  {
    "name": "KENGNI Thibault",
    "title": "Ingénieur Agronome",
    "email": "Kengnithibault@yahoo.com",
    "phone": "+237 676 10 38 27 / +237 656 79 83 26",
    "specialties": "Agronomie, Développement agricole, Productions végétales, Science des sols",
    "skills": "Conseil agricole, Gestion projets, Vulgarisation, Vente technique, Développement commercial",
    "location": "Douala",
    "organization": "Privée",
    "entreprise": "Velia Sarl",
    "experienceYears": 9,
    "projects": "Services conseil agricole, Développement entreprises agroalimentaires, Vente d'engrais et produits phytosanitaires",
    "availability": "Consultant disponible pour missions",
    "statutMembre": "Actif",
    "photo": "../assets/photos/Kengni Thibault.jpg",
    "cvLink": "../assets/cv/thibault-cv.docx",
    "linkedin": ""
}
]